<?xml version="1.0"?>
<!--<!DOCTYPE metadata SYSTEM "http://www.esri.com/metadata/esriprof80.dtd">-->
<metadata xml:lang="en"><Esri><MetaID>{E7635D12-02AB-49DF-9C11-FB66FDEFC33B}</MetaID><CreaDate>20100622</CreaDate><CreaTime>00531800</CreaTime><SyncOnce>TRUE</SyncOnce><DataProperties><lineage><Process Name="DefineProjection_3" ToolSource="C:\Program Files\ArcGIS\ArcToolbox\Toolboxes\Data Management Tools.tbx\DefineProjection" Date="20100622" Time="005318">DefineProjection "E:\Abed-Advisory Services\LGED-LBP-Project-Phase-I\EIA-Materials\GIS-Info\district.shp" PROJCS['WGS_1984_PDC_Mercator',GEOGCS['GCS_WGS_1984',DATUM['D_WGS_1984',SPHEROID['WGS_1984',6378137.0,298.257223563]],PRIMEM['Greenwich',0.0],UNIT['Degree',0.0174532925199433]],PROJECTION['Mercator'],PARAMETER['False_Easting',0.0],PARAMETER['False_Northing',0.0],PARAMETER['Central_Meridian',-150.0],PARAMETER['Standard_Parallel_1',0.0],UNIT['Meter',1.0]] "E:\Abed-Advisory Services\LGED-LBP-Project-Phase-I\EIA-Materials\GIS-Info\district.shp"</Process><Process Name="DefineProjection_7" ToolSource="C:\Program Files\ArcGIS\ArcToolbox\Toolboxes\Data Management Tools.tbx\DefineProjection" Date="20100622" Time="022447">DefineProjection "E:\Abed-Advisory Services\LGED-LBP-Project-Phase-I\EIA-Materials\shp\district.shp" PROJCS['BTM',GEOGCS['GCS_Everest_1830',DATUM['D_Everest_Bangladesh',SPHEROID['Everest_Adjustment_1937',6377276.345,300.8017]],PRIMEM['Greenwich',0.0],UNIT['Degree',0.0174532925199433]],PROJECTION['Transverse_Mercator'],PARAMETER['False_Easting',500000.0],PARAMETER['False_Northing',-2000000.0],PARAMETER['Central_Meridian',90.0],PARAMETER['Scale_Factor',0.996],PARAMETER['Latitude_Of_Origin',0.0],UNIT['Meter',1.0]] "E:\Abed-Advisory Services\LGED-LBP-Project-Phase-I\EIA-Materials\shp\district.shp"</Process><Process Name="DefineProjection_11" ToolSource="C:\Program Files\ArcGIS\ArcToolbox\Toolboxes\Data Management Tools.tbx\DefineProjection" Date="20100622" Time="023107">DefineProjection "E:\Abed-Advisory Services\LGED-LBP-Project-Phase-I\EIA-Materials\shp\district.shp" PROJCS['WGS_1984_PDC_Mercator',GEOGCS['GCS_WGS_1984',DATUM['D_WGS_1984',SPHEROID['WGS_1984',6378137.0,298.257223563]],PRIMEM['Greenwich',0.0],UNIT['Degree',0.0174532925199433]],PROJECTION['Mercator'],PARAMETER['False_Easting',0.0],PARAMETER['False_Northing',0.0],PARAMETER['Central_Meridian',-150.0],PARAMETER['Standard_Parallel_1',0.0],UNIT['Meter',1.0]] "E:\Abed-Advisory Services\LGED-LBP-Project-Phase-I\EIA-Materials\shp\district.shp"</Process><Process Name="DefineProjection_14" ToolSource="C:\Program Files\ArcGIS\ArcToolbox\Toolboxes\Data Management Tools.tbx\DefineProjection" Date="20100622" Time="023421">DefineProjection "E:\Abed-Advisory Services\LGED-LBP-Project-Phase-I\EIA-Materials\shp\district.shp" GEOGCS['GCS_WGS_1984',DATUM['D_WGS_1984',SPHEROID['WGS_1984',6378137.0,298.257223563]],PRIMEM['Greenwich',0.0],UNIT['Degree',0.0174532925199433]] "E:\Abed-Advisory Services\LGED-LBP-Project-Phase-I\EIA-Materials\shp\district.shp"</Process><Process Name="DefineProjection_1" ToolSource="C:\Program Files\ArcGIS\ArcToolbox\Toolboxes\Data Management Tools.tbx\DefineProjection" Date="20100624" Time="021259">DefineProjection "E:\Abed-Advisory Services\LGED-LBP-Project-Phase-I\EIA-Materials\shp\district.shp" PROJCS['BTM',GEOGCS['GCS_Everest_1830',DATUM['D_Everest_1830',SPHEROID['Everest_1830',6377299.36,300.8017]],PRIMEM['Greenwich',0.0],UNIT['Degree',0.0174532925199433]],PROJECTION['Transverse_Mercator'],PARAMETER['False_Easting',500000.0],PARAMETER['False_Northing',-2000000.0],PARAMETER['Central_Meridian',90.0],PARAMETER['Scale_Factor',0.996],PARAMETER['Latitude_Of_Origin',0.0],UNIT['Meter',1.0]] "E:\Abed-Advisory Services\LGED-LBP-Project-Phase-I\EIA-Materials\shp\district.shp"</Process><Process Name="DefineProjection_2" ToolSource="C:\Program Files\ArcGIS\ArcToolbox\Toolboxes\Data Management Tools.tbx\DefineProjection" Date="20100624" Time="022048">DefineProjection "E:\Abed-Advisory Services\LGED-LBP-Project-Phase-I\EIA-Materials\shp\district.shp" GEOGCS['GCS_WGS_1984',DATUM['D_WGS_1984',SPHEROID['WGS_1984',6378137.0,298.257223563]],PRIMEM['Greenwich',0.0],UNIT['Degree',0.0174532925199433]] "E:\Abed-Advisory Services\LGED-LBP-Project-Phase-I\EIA-Materials\shp\district.shp"</Process></lineage></DataProperties></Esri></metadata>
